{"val": 0.690300167321556, "test": 0.5971409280676051}