{"val": 144.37802725508226, "test": 226.9758309415308}