{"val": 0.7309060595169417, "test": 0.323808185946685}