{"val": 0.7283305097332835, "test": 0.597140970074022}