{"val": 127.16641829808934, "test": 91.43927290797377}