{"val": 0.6190446712158513, "test": 0.6666644032999923}