{"val": 39.982538428896795, "test": 17.926537505479097}