{"val": 0.7563600529095778, "test": 0.8876788774301498}