{"val": 0.5714260335017001, "test": 0.5620051856204341}