{"val": 61.950998037657726, "test": 58.81396531966353}