{"val": 160.1582268575209, "test": 261.7127548101513}