{"val": 147.49607371548205, "test": 180.75084651179301}