{"val": 0.6417112299465241, "test": 0.5139393939393939}