{"val": 38.38379903279709, "test": 16.91224225771539}