{"val": 0.5714260335017001, "test": 0.5285267441677197}