{"val": 66.54077212703416, "test": 44.45038423545581}