{"val": 0.627269364687902, "test": 0.7199980750051597}