{"val": 0.8104860308722849, "test": 0.9166642526518931}