{"val": 0.5714258503530936, "test": 0.6296272976766752}