{"val": 180.1748959290565, "test": 294.5083092016323}