{"val": 173.74075693441563, "test": 126.1161193474041}