{"val": 0.7499962500187498, "test": 0.8031716700367502}