{"val": 0.467644565325014, "test": 0.5142839489856584}