{"val": 0.7582572597526097, "test": 0.6333305987775045}