{"val": 0.6514127097550391, "test": 0.5524982026100196}