{"val": 0.6772329311114123, "test": 0.33246473269378973}