{"val": 607693.3544838087, "test": 5195607.47261279}