{"val": 423811.56481320516, "test": 805798.0278515135}