{"val": 0.5858568666513143, "test": 0.30988835286672983}