{"val": 0.7616464130478638, "test": 0.527268085440385}