{"val": 0.7090889393995011, "test": 0.2692291420226444}