{"val": 154.23995754716478, "test": 286.7061829829899}