{"val": 0.6235294117647059, "test": 0.5666666666666667}