{"val": 0.6958823529411765, "test": 0.8031746031746032}