{"val": 519690.3579818862, "test": 3141630.2538968497}