{"val": 0.7525670979660081, "test": 0.3237445044292489}