{"val": 0.7554228399670283, "test": 0.6245938563152749}