{"val": 457566.1828594208, "test": 770053.4488083294}