{"val": 0.7698901660555324, "test": 0.28363367605858125}