{"val": 0.582952756440581, "test": 0.30988835286672983}