{"val": 0.7564784598029171, "test": 0.733330888897037}