{"val": 0.7379969730124204, "test": 0.647997648008608}