{"val": 0.7030272084617628, "test": 0.5357123724558127}