{"val": 119.75093859959152, "test": 84.81157579994361}