{"val": 178.64432779045893, "test": 191.3384117410246}