{"val": 0.6058155502924645, "test": 0.6833310780498681}