{"val": 63.59857297156708, "test": 45.92617335198832}