{"val": 0.3885695401452374, "test": 0.7515126803471839}