{"val": 36.00105712029034, "test": 21.07144285856826}