{"val": 0.7469664089906229, "test": 0.9517517960725084}