{"val": 0.44661431964475007, "test": 0.7145275252717834}