{"val": 193.5299822479488, "test": 257.7161905622731}