{"val": 251.45580093099284, "test": 668.9467698355982}