{"val": 173.02769331277838, "test": 254.34399011402073}