{"val": 0.7424222136190943, "test": 0.4483499710242761}