{"val": 589170.8185381889, "test": 2522056.7292986596}