{"val": 0.6846278462164642, "test": 0.378178234744775}