{"val": 0.8357120466203615, "test": 0.6846130445278856}