{"val": 467590.2971256801, "test": 911145.2503765651}