{"val": 0.7340877333126627, "test": 0.4874984140676643}