{"val": 124.13719281366207, "test": 85.57293746368173}