{"val": 0.5972002332743152, "test": 0.624283639802884}