{"val": 0.7090880165410718, "test": 0.46470432650055526}