{"val": 168.4678817703621, "test": 182.44962605717197}