{"val": 0.8204509960553288, "test": 0.69096546785348}