{"val": 0.7582608695652173, "test": 0.6868686868686869}