{"val": 0.7709090909090909, "test": 0.8283524904214559}