{"val": 145.0476959273687, "test": 261.1978154986165}