{"val": 0.7030272084617628, "test": 0.9428546598705188}