{"val": 0.44190225126182997, "test": 0.5055535828266544}