{"val": 0.7909056095194833, "test": 0.9342316667413592}