{"val": 64.7825452132733, "test": 44.44466501486408}