{"val": 36.427013688493744, "test": 17.881565520869763}