{"val": 0.6545423927730859, "test": 0.7565866527871358}