{"val": 0.7554228399670283, "test": 0.5818132822141321}