{"val": 0.5866945738760431, "test": 0.4483499710242761}