{"val": 471437.4493741989, "test": 715137.9159435545}