{"val": 0.8067887378180316, "test": 0.34125581106741876}