{"val": 0.592206037223398, "test": 0.3728488614166684}