{"val": 522946.27924115316, "test": 2539021.725248269}