{"val": 464787.43461622513, "test": 734224.1727616446}