{"val": 0.639168351267668, "test": 0.33246473269378973}