{"val": 0.7779861888823457, "test": 0.6496915805781429}