{"val": 506559.1396076339, "test": 2611945.587179252}