{"val": 0.6378359829170689, "test": 0.297200700539986}