{"val": 0.5194788216168759, "test": 0.25230573729547184}