{"val": 0.4741687979539642, "test": 0.5744827586206896}