{"val": 136.5227038206069, "test": 325.56672734200646}