{"val": 201.91415765238935, "test": 128.345102115348}