{"val": 0.717037037037037, "test": 0.7521367521367521}