{"val": 161.18976554947466, "test": 276.2199820168937}