{"val": 0.47000000000000003, "test": 0.7897435897435898}