{"val": 197.5424368384296, "test": 321.0568977121264}