{"val": 139.65999711528434, "test": 367.11946689691376}