{"val": 0.7518254987709024, "test": 0.527268085440385}