{"val": 523973.56831366674, "test": 3204861.7481793677}