{"val": 0.7096751300802255, "test": 0.33246473269378973}