{"val": 448968.97122696467, "test": 751619.045305797}