{"val": 0.5034947894821761, "test": 0.33699490131976895}