{"val": 0.8067714338157387, "test": 0.301537140242576}