{"val": 0.7311111111111112, "test": 0.7897435897435898}