{"val": 194.2419531465276, "test": 128.39217548590776}