{"val": 158.9655160440366, "test": 342.9395777224095}