{"val": 0.7847619047619048, "test": 0.8148148148148149}