{"val": 0.55119825708061, "test": 0.5666666666666667}