{"val": 152.86387875343235, "test": 258.5494563418906}