{"val": 9.397615814208988, "test": 11.484747314453125}