{"val": 0.6322250639386189, "test": 0.4935483870967742}