{"val": 156.6083315949657, "test": 267.23463334272}