{"val": 166.5513832179134, "test": 291.5410358298104}