{"val": 0.608235294117647, "test": 0.5133333333333333}