{"val": 171.68166187959753, "test": 277.8120525579434}