{"val": 0.8333333333333334, "test": 0.864367816091954}