{"val": 210.7064363317565, "test": 126.6556180114703}