{"val": 0.772258064516129, "test": 0.7262222222222222}