{"val": 0.0007409956870445321, "test": 0.0008491132601745322}