{"val": 199.29366471020046, "test": 125.99409583266825}