{"val": 203.81841326879834, "test": 303.61076789093204}