{"val": 0.0005908416812833318, "test": 0.0007013818336880829}