{"val": 0.42148337595907925, "test": 0.5222222222222223}