{"val": 0.7101449275362319, "test": 0.676923076923077}