{"val": 0.7326589558883582, "test": 0.6909035170348059}