{"val": 0.8357120466203615, "test": 0.37911926398474005}