{"val": 0.7508426411990866, "test": 0.272724793410969}