{"val": 555111.2114183562, "test": 2685452.3760105544}