{"val": 0.5798508935609717, "test": 0.36153641167785144}