{"val": 463701.38602338516, "test": 881565.3691312245}