{"val": 0.7740228416390421, "test": 0.5367947246177618}