{"val": 0.7488062110407981, "test": 0.7149976739659077}