{"val": 120.99738610923514, "test": 84.08302718695475}