{"val": 0.6649322651493911, "test": 0.3874370586267136}