{"val": 146.62784767176487, "test": 227.37793436278972}