{"val": 0.8199966366804672, "test": 0.733330888897037}