{"val": 876673.4672119959, "test": 2829691.5316535407}