{"val": 0.6052400070382089, "test": 0.28363367605858125}