{"val": 0.664933198408631, "test": 0.43076734320367993}