{"val": 526390.2223084995, "test": 964682.4286757197}