{"val": 0.5977591036414566, "test": 0.4935483870967742}