{"val": 0.579539641943734, "test": 0.6015384615384616}