{"val": 0.8036325562164264, "test": 0.9444418209949414}