{"val": 39.172634969407206, "test": 16.55507746057511}