{"val": 0.6333304563623274, "test": 0.5720615377912646}