{"val": 0.643475297520199, "test": 0.6606584302096496}