{"val": 65.28618114839193, "test": 44.2781311856505}