{"val": 0.44545231865219914, "test": 0.8701730706948648}