{"val": 0.6394963794316119, "test": 0.5230749661949887}