{"val": 558270.6735862324, "test": 3402736.5720706666}