{"val": 0.790822071501325, "test": 0.35968093707990956}