{"val": 0.7640053402279344, "test": 0.33699490131976895}