{"val": 0.8091056364376396, "test": 0.7159032218985333}