{"val": 455314.1036356517, "test": 718924.2523252623}