{"val": 156.749692603946, "test": 267.61895795810653}