{"val": 66.08650532328177, "test": 44.80679579295682}