{"val": 0.6363607438148009, "test": 0.9348812754706556}