{"val": 38.18929991616168, "test": 17.09748466614017}