{"val": 0.7411221064232276, "test": 0.9552354109674838}