{"val": 0.5714260335017001, "test": 0.6730135738720759}