{"val": 0.5975127762687563, "test": 0.6842887202762753}