{"val": 36.67835114054615, "test": 20.662407449842455}