{"val": 0.5238070294903358, "test": 0.7035207010408291}