{"val": 0.4315127375713814, "test": 0.9199976222284321}