{"val": 0.7424205310869987, "test": 0.9722195216124397}