{"val": 0.44190225126182997, "test": 0.6393628951784722}