{"val": 60.86845628461456, "test": 49.63967142185037}