{"val": 0.7309060595169417, "test": 0.29942744718790804}