{"val": 0.7673045888932413, "test": 0.586664488897074}