{"val": 0.6899973250104792, "test": 0.2799988333383888}