{"val": 150.22963373261732, "test": 234.17384481061006}