{"val": 125.436333634617, "test": 105.49677971411329}