{"val": 0.6825145523135031, "test": 0.5214267568090432}