{"val": 0.6733978120269143, "test": 0.39867580327922647}