{"val": 120.79297649473293, "test": 83.19160379708424}