{"val": 0.6649322651493911, "test": 0.5585695724552121}