{"val": 0.6749969375140104, "test": 0.6119977786747965}