{"val": 164.8766605030803, "test": 195.29798947453182}