{"val": 0.8333298611255786, "test": 0.733330888897037}