{"val": 0.6924709366364425, "test": 0.302389917833601}