{"val": 464573.6194905554, "test": 781209.3791982786}