{"val": 0.7326589558883582, "test": 0.7026680883546842}