{"val": 0.6378359829170689, "test": 0.3230749704271733}