{"val": 547912.2226911953, "test": 3124130.822896344}