{"val": 0.6321335417750253, "test": 0.44243868247058626}