{"val": 0.632156862745098, "test": 0.6333333333333333}