{"val": 192.26186898348413, "test": 271.52168114705313}