{"val": 0.0008867042359396501, "test": 0.0007034190263595275}