{"val": 0.6081447963800904, "test": 0.5333333333333334}