{"val": 0.7618518518518519, "test": 0.7145299145299144}