{"val": 0.9752013904129099, "test": 1.1484309247340367}