{"val": 131.58648423175347, "test": 273.3727243669952}