{"val": 0.870175438596491, "test": 0.9126984126984127}