{"val": 202.71820353681693, "test": 126.80083333486691}