{"val": 10.419190216064454, "test": 7.830395507812497}