{"val": 0.5780392156862745, "test": 0.5731800766283525}