{"val": 10.101000976562505, "test": 17.591055297851558}