{"val": 0.8333333333333334, "test": 0.8761904761904761}