{"val": 11.022547149658202, "test": 8.851754252115889}