{"val": 238.83530006534428, "test": 138.46742399921644}