{"val": 0.7466666666666667, "test": 0.8026666666666668}