{"val": 0.7709090909090909, "test": 0.8031746031746032}