{"val": 189.88671011701257, "test": 265.9934857273939}