{"val": 121.87115773538235, "test": 83.22607608370006}