{"val": 168.94049435904594, "test": 179.15755529858475}