{"val": 0.6151488074040425, "test": 0.617970223467168}