{"val": 0.7047587868619276, "test": 0.6251592328198152}