{"val": 0.807689040940254, "test": 0.779997462508263}