{"val": 0.7633399623028833, "test": 0.4711623129663586}