{"val": 0.5599999999999999, "test": 0.8156862745098039}