{"val": 0.4507739938080496, "test": 0.5922580645161291}