{"val": 210.15182122299453, "test": 118.65462510961422}