{"val": 154.0290753104726, "test": 268.40658721790334}