{"val": 0.7847619047619048, "test": 0.8031746031746032}