{"val": 111.23131523678884, "test": 87.54636836495862}