{"val": 0.748481795237798, "test": 0.6161353323406227}