{"val": 0.8199966366804672, "test": 0.6824977796947301}