{"val": 163.42419945150033, "test": 182.8082510953225}