{"val": 0.7206491176484431, "test": 0.5759979093409848}