{"val": 0.6398573927939092, "test": 0.4226586094109603}