{"val": 0.7030272084617628, "test": 0.4999982142920918}