{"val": 155.8659053170355, "test": 198.9459095040103}