{"val": 0.6749969375140104, "test": 0.4319984320057387}