{"val": 0.7269201368462285, "test": 0.7149976739659077}