{"val": 129.3867451379308, "test": 126.7020880948557}