{"val": 0.7309060595169417, "test": 0.41714140544723455}