{"val": 0.6370947442507462, "test": 0.31229692815763743}