{"val": 541525.939408098, "test": 3084011.316576004}