{"val": 0.6493485270210948, "test": 0.31709253160190176}