{"val": 0.822578126091693, "test": 0.7159032218985333}