{"val": 453738.6301978656, "test": 736222.6099036762}