{"val": 0.7807465488539407, "test": 0.3576908838814162}