{"val": 0.7030272084617628, "test": 0.5987663633321938}