{"val": 164.4362029078067, "test": 197.76600962973504}