{"val": 0.7391818654625303, "test": 0.2619035619861029}