{"val": 119.79379382334291, "test": 85.76708771587572}