{"val": 0.7630402422159985, "test": 0.6015363222956152}