{"val": 0.8333298611255786, "test": 0.7096527736109646}