{"val": 189.59988178215568, "test": 216.1457695103521}