{"val": 122.32792764887556, "test": 82.43784717036556}