{"val": 0.748481795237798, "test": 0.48809362717847726}