{"val": 0.6058155502924645, "test": 0.6571406734767201}