{"val": 0.7772693646839958, "test": 0.6857119319808779}