{"val": 0.8249967410843697, "test": 0.6988213015065512}