{"val": 39.32875028014531, "test": 16.971280319204897}