{"val": 0.7789057075188829, "test": 0.9423051514971087}