{"val": 0.6077893647178654, "test": 0.6842887202762753}