{"val": 0.5640186820188469, "test": 0.5999979629699931}