{"val": 0.7272694215026295, "test": 0.9089123511520263}