{"val": 64.76855151269703, "test": 45.09631331803975}