{"val": 0.4571405215539538, "test": 0.7035207010408291}