{"val": 0.5625430109858599, "test": 0.9199976222284321}