{"val": 0.5342831176997015, "test": 0.7333309413662088}