{"val": 36.122572307439974, "test": 17.934518391526503}