{"val": 66.69395784222293, "test": 49.603322868324625}