{"val": 0.6145425429890319, "test": 0.8611087191424467}