{"val": 192.02604594586893, "test": 177.15165586876682}