{"val": 250.05736852479177, "test": 523.3923355500058}