{"val": 0.5987859875174654, "test": 0.44514869359021725}