{"val": 0.830642767415209, "test": 0.3903711601970467}