{"val": 0.822578126091693, "test": 0.527268085440385}