{"val": 0.7592706654823538, "test": 0.2984599392596524}