{"val": 500916.9359184674, "test": 2467624.027262892}