{"val": 451263.0774797712, "test": 772147.5027117048}