{"val": 0.39442501568420835, "test": 0.5222203991833364}