{"val": 0.49764429032690993, "test": 0.4246138745616107}