{"val": 0.7147331908773902, "test": 0.7777748971300107}