{"val": 0.6999965000174999, "test": 0.6868658827446227}