{"val": 234.48977809802167, "test": 131.70595568347102}