{"val": 179.75072571942613, "test": 266.38012566057347}