{"val": 0.5977558221901909, "test": 0.5661518327488142}