{"val": 0.7882723059617553, "test": 0.6999972685292137}