{"val": 0.6155261524329518, "test": 0.5222203991833364}