{"val": 198.68543428217535, "test": 137.89004112024173}