{"val": 0.7715349056379207, "test": 0.8031716700367502}