{"val": 167.55358922772604, "test": 276.9344373594504}