{"val": 0.6252936485619142, "test": 0.6107122050453823}