{"val": 181.98936424671558, "test": 199.28879511978786}