{"val": 0.748048798293065, "test": 0.457880160195207}