{"val": 118.98714999339418, "test": 85.96949094901005}