{"val": 0.805431366783554, "test": 0.636920811842416}