{"val": 0.7047587868619276, "test": 0.5922561153029828}