{"val": 64.47667688496878, "test": 44.76751742434763}