{"val": 0.5315763649081056, "test": 0.9272703168107277}