{"val": 38.86325755010474, "test": 16.762528892257286}