{"val": 0.803948976722461, "test": 0.9342316667413592}