{"val": 0.5055877337658707, "test": 0.5688868609125974}