{"val": 0.5142833086074245, "test": 0.6206326541193069}