{"val": 0.694801974771776, "test": 0.8876788774301498}