{"val": 0.7201939228623708, "test": 0.6533311901307801}