{"val": 0.6077893647178654, "test": 0.6393138342311758}