{"val": 39.26366818746318, "test": 16.273030084200858}