{"val": 64.37976553545452, "test": 45.54380164330746}