{"val": 0.833762369726131, "test": 0.9342316667413592}