{"val": 0.5715686274509804, "test": 0.671578947368421}