{"val": 202.14370160363623, "test": 127.0041810644791}