{"val": 9.815119934082032, "test": 8.011991882324219}