{"val": 153.7426779275064, "test": 283.3749963046983}