{"val": 0.8533333333333333, "test": 0.6611111111111111}