{"val": 9.697347259521491, "test": 12.719788106282552}