{"val": 0.8169230769230769, "test": 0.7666666666666667}