{"val": 270.187416437734, "test": 136.31712695055955}