{"val": 13346390.202954227, "test": 53840782.322045885}