{"val": 163.88129603657896, "test": 263.37157424408946}